planning_unit,policy,reorder_point,order_quantity,safety_stock,days,units_demanded,units_shipped,units_lost,stockout_days,orders_placed,cycles,cycles_with_stockout,mean_on_hand,holding_cost,ordering_cost,total_cost,fill_rate,stockout_day_rate,realised_cycle_service_level
Field & Stream Sportsman 16 Gun Fire Safe,segmented,116.63362811321801,214.92673286471685,50.92778797386486,250,4172.0,4172.0,0.0,0,20,20,0,151.53519873586782,6746.0929447292365,5000.0,11746.092944729236,1.0,0.0,1.0
Field & Stream Sportsman 16 Gun Fire Safe,demand_only,82.90459378112104,214.92673286471685,17.19875364176788,250,4172.0,4153.340595782452,18.659404217548285,2,20,20,2,130.42424641143793,5806.268747312308,5000.0,10806.268747312308,0.9955274678289673,0.008,0.9
Field & Stream Sportsman 16 Gun Fire Safe,flat_baseline,98.55876020902974,214.92673286471685,32.85292006967658,250,4172.0,4159.556783935725,12.44321606427468,1,20,20,1,133.9082866099935,5961.372374711752,5000.0,10961.372374711751,0.9970174458139323,0.004,0.95
Perfect Fitness Perfect Rip Deck,segmented,498.90087986619204,1150.111844525482,216.70943898561012,250,17181.0,17181.0,0.0,0,15,15,0,838.029771763367,5595.499113079342,3750.0,9345.499113079342,1.0,0.0,1.0
Perfect Fitness Perfect Rip Deck,demand_only,349.8610234848055,1150.111844525482,67.66958260422358,250,17181.0,17171.588012900436,9.411987099561884,1,15,15,1,681.5510765269784,4550.695658700087,3750.0,8300.695658700086,0.9994521863046643,0.004,0.9333333333333333
Perfect Fitness Perfect Rip Deck,flat_baseline,423.2871613208729,1150.111844525482,141.09572044029096,250,17181.0,17181.0,0.0,0,15,15,0,762.4160532180479,5090.628630773335,3750.0,8840.628630773335,1.0,0.0,1.0
Diamondback Women's Serene Classic Comfort Bi,segmented,92.4856291180892,220.37805827823573,40.67560052361309,250,3361.0,3361.0,0.0,0,15,15,0,156.44572257592864,5223.4389086471765,3750.0,8973.438908647177,1.0,0.0,1.0
Diamondback Women's Serene Classic Comfort Bi,demand_only,66.83693836248325,220.37805827823573,15.026909768007151,250,3361.0,3357.404025779837,3.595974220163157,1,15,15,0,134.39300604048591,4487.138703720243,3750.0,8237.138703720244,0.9989300880035219,0.004,1.0
Diamondback Women's Serene Classic Comfort Bi,flat_baseline,77.71504289171415,220.37805827823573,25.90501429723805,250,3361.0,3361.0,0.0,0,15,15,0,141.67513634955364,4730.275826090349,3750.0,8480.27582609035,1.0,0.0,1.0
Nike Men's Free 5.0+ Running Shoe,segmented,251.0789385363939,625.2181932548465,112.08220828777652,250,8703.0,8703.0,0.0,0,14,14,0,441.8664615238072,4917.542337741663,3500.0,8417.542337741663,1.0,0.0,1.0
Nike Men's Free 5.0+ Running Shoe,demand_only,186.73961086050298,625.2181932548465,47.74288061188559,250,8703.0,8577.748833291238,125.25116670876241,4,14,14,3,379.3662731238974,4221.976257633482,3500.0,7721.976257633482,0.9856082768345672,0.016,0.7857142857142857
Nike Men's Free 5.0+ Running Shoe,flat_baseline,208.49509537292607,625.2181932548465,69.49836512430869,250,8703.0,8689.540578510041,13.459421489957776,1,14,14,1,411.9344745608995,4584.428544413179,3500.0,8084.428544413179,0.9984534733436793,0.004,0.9285714285714286
Nike Men's Dri-FIT Victory Golf Polo,segmented,425.0180934509924,1159.3103229892224,186.04212999898013,250,14926.0,14926.0,0.0,0,13,13,0,754.325771728288,4197.874585816671,3250.0,7447.874585816671,1.0,0.0,1.0
Nike Men's Dri-FIT Victory Golf Polo,demand_only,303.90186258296035,1159.3103229892224,64.9258991309481,250,14926.0,14718.591222937463,207.40877706253696,6,12,12,5,632.6404852658475,3520.6876320445276,3000.0,6520.687632044528,0.9861041955605965,0.024,0.5833333333333333
Nike Men's Dri-FIT Victory Golf Polo,flat_baseline,358.4639451780184,1159.3103229892224,119.48798172600613,250,14926.0,14861.8429825433,64.1570174567014,3,12,12,3,668.0029276959938,3717.48204625339,3000.0,6717.48204625339,0.9957016603606659,0.012,0.75
Pelican Sunstream 100 Kayak,segmented,104.2975154130875,287.22384175545875,45.62508524583369,250,3755.0,3755.0,0.0,0,14,14,0,179.70829735041696,4000.15602638332,3500.0,7500.15602638332,1.0,0.0,1.0
Pelican Sunstream 100 Kayak,demand_only,74.4653534771324,287.22384175545875,15.792923309878583,250,3755.0,3720.79073404367,34.20926595633,3,13,13,2,160.45606040468195,3571.617373603842,3250.0,6821.617373603842,0.9908896761767431,0.012,0.8461538461538461
Pelican Sunstream 100 Kayak,flat_baseline,88.00864525088072,287.22384175545875,29.336215083626907,250,3755.0,3744.7397749059037,10.260225094096143,1,14,14,1,171.46319381846465,3816.626934695463,3500.0,7316.626934695463,0.9972675831973112,0.004,0.9285714285714286
O'Brien Men's Neoprene Life Vest,segmented,393.3168852329949,1116.1867120746974,171.87755731141695,250,13487.0,13487.0,0.0,0,13,13,0,699.8981007407815,3893.422840667164,3250.0,7143.422840667165,1.0,0.0,1.0
O'Brien Men's Neoprene Life Vest,demand_only,280.1165644705493,1116.1867120746974,58.67723654897137,250,13487.0,13414.890329180174,72.10967081982517,2,12,12,2,622.6991549903582,3463.9772708877954,3000.0,6463.977270887795,0.9946533943189868,0.008,0.8333333333333334
O'Brien Men's Neoprene Life Vest,flat_baseline,332.1589918823669,1116.1867120746974,110.71966396078895,250,13487.0,13474.3726203679,12.627379632099746,1,13,13,1,655.0946003104258,3644.1880281526574,3250.0,6894.188028152657,0.9990637369591384,0.004,0.9230769230769231
Nike Men's CJ Elite 2 TD Football Cleat,segmented,135.66942025121932,426.42678119789963,51.61051738467046,250,5348.0,5348.0,0.0,0,12,12,0,247.25098383108192,3577.243473673594,3000.0,6577.243473673594,1.0,0.0,1.0
Nike Men's CJ Elite 2 TD Football Cleat,demand_only,99.91133838928474,426.42678119789963,15.852435522735878,250,5348.0,5276.24610336303,71.7538966369699,6,12,12,4,225.50385881836385,3262.6046406242676,3000.0,6262.604640624268,0.9865830410177692,0.024,0.6666666666666667
Nike Men's CJ Elite 2 TD Football Cleat,flat_baseline,126.0883542998233,426.42678119789963,42.02945143327443,250,5348.0,5348.0,0.0,0,12,12,0,237.6699178796859,3438.6239821981503,3000.0,6438.623982198151,1.0,0.0,1.0
Under Armour Girls' Toddler Spine Surge Runni,segmented,199.0490861919712,921.3257038853768,78.333705470834,250,7616.0,7614.317569217674,1.6824307823262643,1,8,8,1,531.7831965295727,2366.936147208681,2000.0,4366.936147208681,0.9997790925968584,0.004,0.875
Under Armour Girls' Toddler Spine Surge Runni,demand_only,154.79060095766064,921.3257038853768,34.07522023652344,250,7616.0,7570.059083983365,45.94091601663649,4,8,8,4,469.09987675455454,2087.9363285405097,2000.0,4087.9363285405097,0.9939678419095804,0.016,0.5
Under Armour Girls' Toddler Spine Surge Runni,flat_baseline,181.07307108170582,921.3257038853768,60.357690360568604,250,7616.0,7596.341554107408,19.658445892591317,1,8,8,1,514.9576463863646,2292.0465999448143,2000.0,4292.046599944814,0.9974187964951954,0.004,0.875
adidas Youth Germany Black/Red Away Match Soc,segmented,11.335429088136411,131.9768388067463,6.999538705336345,250,99.0,99.0,0.0,0,1,1,0,79.86978276077167,622.2731362354642,250.0,872.2731362354642,1.0,0.0,1.0
adidas Youth Germany Black/Red Away Match Soc,demand_only,10.8608511860979,131.9768388067463,6.524960803297833,250,99.0,99.0,0.0,0,1,1,0,79.39520485873317,618.5756542932121,250.0,868.5756542932121,1.0,0.0,1.0
adidas Youth Germany Black/Red Away Match Soc,flat_baseline,6.5038355742000995,131.9768388067463,2.167945191400033,250,99.0,99.0,0.0,0,1,1,0,75.03818924683533,584.6297278648985,250.0,834.6297278648985,1.0,0.0,1.0
LIJA Women's Eyelet Sleeveless Golf Polo,segmented,11.069895792571032,135.64568384092775,6.816751409442723,250,88.0,88.0,0.0,0,1,1,0,85.26560137596101,616.8615852969782,250.0,866.8615852969782,1.0,0.0,1.0
LIJA Women's Eyelet Sleeveless Golf Polo,demand_only,10.600766913493862,135.64568384092775,6.347622530365554,250,88.0,88.0,0.0,0,1,1,0,84.79647249688381,613.4676306495447,250.0,863.4676306495447,1.0,0.0,1.0
LIJA Women's Eyelet Sleeveless Golf Polo,flat_baseline,6.379716574692463,135.64568384092775,2.1265721915641542,250,88.0,87.20255849515634,0.7974415048436612,1,1,1,1,81.30906834253861,588.2376947726466,250.0,838.2376947726466,0.9909381647176857,0.004,0.0
Titleist Pro V1x High Numbers Personalized Go,segmented,9.571103310699417,148.99168119449652,5.466901726980271,250,84.0,84.0,0.0,0,1,1,0,91.3960892122128,528.8688083214798,250.0,778.8688083214798,1.0,0.0,1.0
Titleist Pro V1x High Numbers Personalized Go,demand_only,9.241908871832365,148.99168119449652,5.137707288113219,250,84.0,84.0,0.0,0,1,1,0,91.06689477334577,526.9639054739913,250.0,776.9639054739913,1.0,0.0,1.0
Titleist Pro V1x High Numbers Personalized Go,flat_baseline,6.15630237557872,148.99168119449652,2.0521007918595733,250,84.0,84.0,0.0,0,1,1,0,87.9812882770921,509.10886326497916,250.0,759.1088632649792,1.0,0.0,1.0
Nike Men's Comfort 2 Slide,segmented,10.17010089150039,167.8373030175456,5.663202109378692,250,104.0,104.0,0.0,0,1,1,0,116.18948378329223,581.8128931328122,250.0,831.8128931328122,1.0,0.0,1.0
Nike Men's Comfort 2 Slide,demand_only,9.785365785896758,167.8373030175456,5.27846700377506,250,104.0,104.0,0.0,0,1,1,0,115.8047486776886,579.8863517833513,250.0,829.8863517833513,1.0,0.0,1.0
Nike Men's Comfort 2 Slide,flat_baseline,6.760348173182545,167.8373030175456,2.2534493910608484,250,104.0,104.0,0.0,0,1,1,0,112.77973106497441,564.7387309167887,250.0,814.7387309167887,1.0,0.0,1.0
Titleist Pro V1 High Numbers Personalized Gol,segmented,8.958862612776372,145.649954492694,5.03670222833509,250,92.0,92.0,0.0,0,1,1,0,106.69260199704478,617.3829729615503,250.0,867.3829729615503,1.0,0.0,1.0
Titleist Pro V1 High Numbers Personalized Gol,demand_only,8.63174705428096,145.649954492694,4.709586669839678,250,92.0,92.0,0.0,0,1,1,0,106.36548643854938,615.4900996767516,250.0,865.4900996767516,1.0,0.0,1.0
Titleist Pro V1 High Numbers Personalized Gol,flat_baseline,5.883240576661922,145.649954492694,1.9610801922206405,250,92.0,92.0,0.0,0,1,1,0,103.6169799609303,599.5857064142876,250.0,849.5857064142876,1.0,0.0,1.0
Titleist Pro V1x Golf Balls,segmented,9.089300747621618,151.17145495243258,5.189205963092806,250,103.0,100.67502822383791,2.324971776162087,1,1,1,1,94.62316933902024,505.4157424837721,250.0,755.4157424837721,0.9774274584838633,0.004,0.0
Titleist Pro V1x Golf Balls,demand_only,8.77610414876013,151.17145495243258,4.876009364231317,250,103.0,100.36183162497642,2.6381683750235823,1,1,1,1,94.58809131994775,505.22837840393595,250.0,755.228378403936,0.9743867148055962,0.004,0.0
Titleist Pro V1x Golf Balls,flat_baseline,5.850142176793218,151.17145495243258,1.9500473922644062,250,103.0,97.4358696530095,5.5641303469904955,2,1,1,1,94.26264010047542,503.49002858030536,250.0,753.4900285803053,0.9459793170195098,0.008,0.0
Under Armour Men's Compression EV SL Slide,segmented,8.712062775790539,153.00737029541227,4.966427190649006,250,68.0,68.0,0.0,0,1,1,0,113.21705453619349,566.9286058154448,250.0,816.9286058154448,1.0,0.0,1.0
Under Armour Men's Compression EV SL Slide,demand_only,8.410156754898631,153.00737029541227,4.664521169757099,250,68.0,68.0,0.0,0,1,1,0,112.91514851530157,565.4168268682472,250.0,815.4168268682472,1.0,0.0,1.0
Under Armour Men's Compression EV SL Slide,flat_baseline,5.618453377712299,153.00737029541227,1.8728177925707663,250,68.0,68.0,0.0,0,1,1,0,110.12344513811529,551.4375150943966,250.0,801.4375150943966,1.0,0.0,1.0
TYR Boys' Team Digi Jammer,segmented,9.286599908391082,167.92948761963146,5.2761771242999265,250,93.0,93.0,0.0,0,1,1,0,120.19601070529852,534.9854684113391,250.0,784.9854684113391,1.0,0.0,1.0
TYR Boys' Team Digi Jammer,demand_only,8.960652885361231,167.92948761963146,4.950230101270076,250,93.0,93.0,0.0,0,1,1,0,119.8700636822687,533.5346971272536,250.0,783.5346971272536,1.0,0.0,1.0
TYR Boys' Team Digi Jammer,flat_baseline,6.015634176136732,167.92948761963146,2.0052113920455774,250,93.0,92.98037798595246,0.019622014047541825,1,1,1,1,116.93948677538314,520.490869382507,250.0,770.490869382507,0.9997890106016394,0.004,0.0
ENO Atlas Hammock Straps,segmented,10.206828105848018,205.5693040978492,5.699929323726321,250,125.0,120.99148015477262,4.008519845227383,1,1,1,1,138.1949930403859,461.2849445501047,250.0,711.2849445501047,0.967931841238181,0.004,0.0
ENO Atlas Hammock Straps,demand_only,9.824750799030966,205.5693040978492,5.31785201690927,250,125.0,120.60940284795556,4.390597152044435,1,1,1,1,138.08953970370436,460.93294889893406,250.0,710.932948898934,0.9648752227836446,0.004,0.0
ENO Atlas Hammock Straps,flat_baseline,6.760348173182545,205.5693040978492,2.2534493910608484,250,125.0,117.54500022210715,7.454999777892851,1,1,1,1,137.2437645789702,458.1098123805159,250.0,708.1098123805159,0.9403600017768572,0.004,0.0
Under Armour Hustle Storm Medium Duffle Bag,segmented,9.080153159336957,177.6656559997831,5.152476374917559,250,71.0,71.0,0.0,0,1,1,0,142.4615544710654,554.807280767242,250.0,804.807280767242,1.0,0.0,1.0
Under Armour Hustle Storm Medium Duffle Bag,demand_only,8.759951160140416,177.6656559997831,4.832274375721017,250,71.0,71.0,0.0,0,1,1,0,142.14135247186883,553.5602748565591,250.0,803.5602748565591,1.0,0.0,1.0
Under Armour Hustle Storm Medium Duffle Bag,flat_baseline,5.891515176629097,177.6656559997831,1.9638383922096991,250,71.0,71.0,0.0,0,1,1,0,139.27291648835754,542.3893370272234,250.0,792.3893370272234,1.0,0.0,1.0
Bridgestone e6 Straight Distance NFL Carolina,segmented,10.086522465649406,198.06266164044132,5.623754883352647,250,62.0,62.0,0.0,0,0,0,0,40.301853285870074,143.49598977305007,0.0,143.49598977305007,1.0,0.0,
Bridgestone e6 Straight Distance NFL Carolina,demand_only,9.70671763461835,198.06266164044132,5.24395005232159,250,62.0,62.0,0.0,0,0,0,0,39.92204845483901,142.14368297557343,0.0,142.14368297557343,1.0,0.0,
Bridgestone e6 Straight Distance NFL Carolina,flat_baseline,6.694151373445139,198.06266164044132,2.23138379114838,250,62.0,62.0,0.0,0,0,0,0,36.9094821936658,131.41734802671616,0.0,131.41734802671616,1.0,0.0,
Columbia Men's PFG Anchor Tough T-Shirt,segmented,9.727133119675251,198.75658243738775,5.512603536393761,250,108.0,108.0,0.0,0,1,1,0,148.9822690122865,497.4579187910252,250.0,747.4579187910251,1.0,0.0,1.0
Columbia Men's PFG Anchor Tough T-Shirt,demand_only,9.3824701551518,198.75658243738775,5.167940571870311,250,108.0,108.0,0.0,0,1,1,0,148.63760604776303,496.3070749882499,250.0,746.30707498825,1.0,0.0,1.0
Columbia Men's PFG Anchor Tough T-Shirt,flat_baseline,6.321794374922234,198.75658243738775,2.1072647916407448,250,108.0,108.0,0.0,0,1,1,0,145.57693026753347,486.0873527768669,250.0,736.087352776867,1.0,0.0,1.0
Nike Women's Tempo Shorts,segmented,9.328599334117575,193.61715956121955,5.329209349982654,250,96.0,96.0,0.0,0,1,1,0,138.50281446651957,462.4665894001938,250.0,712.4665894001938,1.0,0.0,1.0
Nike Women's Tempo Shorts,demand_only,9.007934675322588,193.61715956121955,5.008544691187668,250,96.0,96.0,0.0,0,1,1,0,138.1821498077246,461.39587692647774,250.0,711.3958769264777,1.0,0.0,1.0
Nike Women's Tempo Shorts,flat_baseline,5.999084976202381,193.61715956121955,1.9996949920674605,250,96.0,93.80766475681216,2.1923352431878413,1,1,1,1,136.82193621148164,456.85406782943363,250.0,706.8540678294337,0.9771631745501267,0.004,0.0
Nike Men's Deutschland Weltmeister Winners Bl,segmented,9.704118423581729,197.97458629391352,5.522687240168943,250,67.0,67.0,0.0,0,0,0,0,31.355411570538504,104.69700781258575,0.0,104.69700781258575,1.0,0.0,
Nike Men's Deutschland Weltmeister Winners Bl,demand_only,9.36568416948926,197.97458629391352,5.184252986076475,250,67.0,67.0,0.0,0,0,0,0,31.016977316446003,103.56696192991389,0.0,103.56696192991389,1.0,0.0,
Nike Men's Deutschland Weltmeister Winners Bl,flat_baseline,6.272146775119179,197.97458629391352,2.090715591706393,250,67.0,67.0,0.0,0,0,0,0,27.923439922075936,93.23751343843848,0.0,93.23751343843848,1.0,0.0,
Team Golf St. Louis Cardinals Putter Grip,segmented,10.050393467048536,224.36895730569086,5.576593084795541,250,67.0,67.0,0.0,0,0,0,0,22.338872119893963,62.133812660930865,0.0,62.133812660930865,1.0,0.0,
Team Golf St. Louis Cardinals Putter Grip,demand_only,9.665173026420401,224.36895730569086,5.191372644167408,250,67.0,67.0,0.0,0,0,0,0,21.953651679265832,61.06235235789104,0.0,61.06235235789104,1.0,0.0,
Team Golf St. Louis Cardinals Putter Grip,flat_baseline,6.7107005733794916,224.36895730569086,2.236900191126497,250,67.0,67.0,0.0,0,0,0,0,18.99917922622492,52.844720020686175,0.0,52.844720020686175,1.0,0.0,
Team Golf Pittsburgh Steelers Putter Grip,segmented,9.512393472952425,216.48400725422846,5.34751148947399,250,101.0,101.0,0.0,0,1,1,0,157.93384188785745,439.2805371736821,250.0,689.2805371736821,1.0,0.0,1.0
Team Golf Pittsburgh Steelers Putter Grip,demand_only,9.164972967992844,216.48400725422846,5.000090984514409,250,101.0,101.0,0.0,0,1,1,0,157.58642138289787,438.31421441334453,250.0,688.3142144133445,1.0,0.0,1.0
Team Golf Pittsburgh Steelers Putter Grip,flat_baseline,6.247322975217653,216.48400725422846,2.0824409917392175,250,101.0,101.0,0.0,0,1,1,0,154.66877139012269,430.19900084802686,250.0,680.1990008480268,1.0,0.0,1.0
Team Golf Tennessee Volunteers Putter Grip,segmented,9.759289673487283,220.3209112203709,5.445464890599686,250,68.0,68.0,0.0,0,0,0,0,41.70774528367272,116.00680723973117,0.0,116.00680723973117,1.0,0.0,
Team Golf Tennessee Volunteers Putter Grip,demand_only,9.392840178895973,220.3209112203709,5.079015396008376,250,68.0,68.0,0.0,0,0,0,0,41.34129578908142,114.98755684407884,0.0,114.98755684407884,1.0,0.0,
Team Golf Tennessee Volunteers Putter Grip,flat_baseline,6.470737174331395,220.3209112203709,2.1569123914437984,250,68.0,68.0,0.0,0,0,0,0,38.419192784516845,106.85995757733392,0.0,106.85995757733392,1.0,0.0,
Team Golf Texas Longhorns Putter Grip,segmented,8.989044265354714,209.7854965863179,5.0779166808696665,250,102.0,102.0,0.0,0,1,1,0,151.64448599142474,421.787189303229,250.0,671.7871893032291,1.0,0.0,1.0
Team Golf Texas Longhorns Putter Grip,demand_only,8.666649224941253,209.7854965863179,4.755521640456206,250,102.0,102.0,0.0,0,1,1,0,151.32209095101123,420.8904729007018,250.0,670.8904729007018,1.0,0.0,1.0
Team Golf Texas Longhorns Putter Grip,flat_baseline,5.8666913767275695,209.7854965863179,1.9555637922425233,250,102.0,101.75943966988652,0.24056033011348177,1,1,1,1,148.7059211950043,413.6138028595064,250.0,663.6138028595064,0.9976415653910443,0.004,0.0
Team Golf San Francisco Giants Putter Grip,segmented,8.692904323091021,204.08618274752877,4.991399937774425,250,128.0,128.0,0.0,0,1,1,0,138.6872182399279,385.7475699908441,250.0,635.7475699908441,1.0,0.0,1.0
Team Golf San Francisco Giants Putter Grip,demand_only,8.399859870151428,204.08618274752877,4.698355484834833,250,128.0,128.0,0.0,0,1,1,0,138.39417378698826,384.9324899347629,250.0,634.9324899347629,1.0,0.0,1.0
Team Golf San Francisco Giants Putter Grip,flat_baseline,5.552256577974893,204.08618274752877,1.8507521926582977,250,128.0,128.0,0.0,0,1,1,0,135.5465704948117,377.01210574799006,250.0,627.0121057479901,1.0,0.0,1.0
Bag Boy Beverage Holder,segmented,9.233562312189978,208.74731525763085,5.361049527551751,250,87.0,87.0,0.0,0,1,1,0,160.7634802279502,447.1509532617413,250.0,697.1509532617413,1.0,0.0,1.0
Bag Boy Beverage Holder,demand_only,8.935406368320576,208.74731525763085,5.062893583682349,250,87.0,87.0,0.0,0,1,1,0,160.4653242840808,446.3216559963871,250.0,696.3216559963871,1.0,0.0,1.0
Bag Boy Beverage Holder,flat_baseline,5.80876917695734,208.74731525763085,1.9362563923191134,250,87.0,87.0,0.0,0,1,1,0,157.33868709271755,437.62516100486715,250.0,687.6251610048671,1.0,0.0,1.0
Glove It Women's Mod Oval 3-Zip Carry All Gol,segmented,9.4999251600479,231.23707066303862,5.318493976635113,250,101.0,101.0,0.0,0,1,1,0,168.32135823834642,411.96940219447976,250.0,661.9694021944797,1.0,0.0,1.0
Glove It Women's Mod Oval 3-Zip Carry All Gol,demand_only,9.147594979586042,231.23707066303862,4.966163796173257,250,101.0,101.0,0.0,0,1,1,0,167.96902805788454,411.1070680537677,250.0,661.1070680537678,1.0,0.0,1.0
Glove It Women's Mod Oval 3-Zip Carry All Gol,flat_baseline,6.272146775119179,231.23707066303862,2.090715591706393,250,101.0,101.0,0.0,0,1,1,0,165.09357985341765,404.06935940981765,250.0,654.0693594098177,1.0,0.0,1.0
Nike Women's Legend V-Neck T-Shirt,segmented,8.745681273694993,206.4637603016376,4.955914488728523,250,68.0,68.0,0.0,0,0,0,0,41.88956142451381,116.55913923773105,0.0,116.55913923773105,1.0,0.0,
Nike Women's Legend V-Neck T-Shirt,demand_only,8.435681942045276,206.4637603016376,4.645915157078806,250,68.0,68.0,0.0,0,0,0,0,41.579562092864066,115.69655548100017,0.0,115.69655548100017,1.0,0.0,
Nike Women's Legend V-Neck T-Shirt,flat_baseline,5.684650177449704,206.4637603016376,1.894883392483235,250,68.0,68.0,0.0,0,0,0,0,38.82853032826848,108.04171538259635,0.0,108.04171538259635,1.0,0.0,
Nike Dri-FIT Crew Sock 6 Pack,segmented,9.314497909471978,230.11455902039805,5.171681525906013,250,82.0,82.0,0.0,0,0,0,0,39.935777419671005,97.78794813378346,0.0,97.78794813378346,1.0,0.0,
Nike Dri-FIT Crew Sock 6 Pack,demand_only,8.95834460084983,230.11455902039805,4.815528217283866,250,82.0,82.0,0.0,0,0,0,0,39.57962411104885,96.91586040890387,0.0,96.91586040890387,1.0,0.0,
Nike Dri-FIT Crew Sock 6 Pack,flat_baseline,6.214224575348949,230.11455902039805,2.0714081917829827,250,82.0,82.0,0.0,0,0,0,0,36.83550408554799,90.19652541495483,0.0,90.19652541495483,1.0,0.0,
Glove It Women's Imperial Golf Glove,segmented,9.693920590709904,246.33858962666287,5.380095807822308,250,87.0,87.0,0.0,0,0,0,0,28.29921540404133,62.963330671520254,0.0,62.963330671520254,1.0,0.0,
Glove It Women's Imperial Golf Glove,demand_only,9.322690963919333,246.33858962666287,5.0088661810317365,250,87.0,87.0,0.0,0,0,0,0,27.92798577725076,62.13737654477293,0.0,62.13737654477293,1.0,0.0,
Glove It Women's Imperial Golf Glove,flat_baseline,6.470737174331395,246.33858962666287,2.1569123914437984,250,87.0,87.0,0.0,0,0,0,0,25.076031987662837,55.792023610073684,0.0,55.792023610073684,1.0,0.0,
Top Flite Women's 2014 XL Hybrid,segmented,9.309571809525812,239.4700987434758,5.232952225697251,250,86.0,86.0,0.0,0,1,1,0,175.95488635195775,391.4845529981006,250.0,641.4845529981005,1.0,0.0,1.0
Top Flite Women's 2014 XL Hybrid,demand_only,8.969428058177396,239.4700987434758,4.8928084743488345,250,86.0,86.0,0.0,0,1,1,0,175.61474260060933,390.7277622819543,250.0,640.7277622819543,1.0,0.0,1.0
Top Flite Women's 2014 XL Hybrid,flat_baseline,6.114929375742841,239.4700987434758,2.0383097919142803,250,86.0,86.0,0.0,0,1,1,0,172.76024391817475,384.3767471786211,250.0,634.3767471786211,1.0,0.0,1.0
Hirzl Women's Soffft Flex Golf Glove,segmented,9.440143476390523,252.601397894691,5.3580074925838455,250,77.0,77.0,0.0,0,0,0,0,33.76484242373601,67.60773627296457,0.0,67.60773627296457,1.0,0.0,
Hirzl Women's Soffft Flex Golf Glove,demand_only,9.107541685905872,252.601397894691,5.025405702099194,250,77.0,77.0,0.0,0,0,0,0,33.43224063325135,66.94176384363092,0.0,66.94176384363092,1.0,0.0,
Hirzl Women's Soffft Flex Golf Glove,flat_baseline,6.123203975710016,252.601397894691,2.0410679919033385,250,77.0,77.0,0.0,0,0,0,0,30.44790292305551,60.96618977376508,0.0,60.96618977376508,1.0,0.0,
Glove It Imperial Golf Towel,segmented,9.994274812000754,277.71210109645074,5.6087368293976345,250,70.0,70.0,0.0,0,0,0,0,79.23032536022615,141.0069134908522,0.0,141.0069134908522,1.0,0.0,
Glove It Imperial Golf Towel,demand_only,9.626906596685785,277.71210109645074,5.241368614082666,250,70.0,70.0,0.0,0,0,0,0,78.86295714491114,140.3531050163736,0.0,140.3531050163736,1.0,0.0,
Glove It Imperial Golf Towel,flat_baseline,6.57830697390468,277.71210109645074,2.19276899130156,250,70.0,70.0,0.0,0,0,0,0,75.81435752213007,134.92748520068707,0.0,134.92748520068707,1.0,0.0,
Glove It Urban Brick Golf Towel,segmented,9.244133382442735,264.1044294542482,5.277841798176517,250,93.0,93.0,0.0,0,0,0,0,40.34834810956681,71.80831336381928,0.0,71.80831336381928,1.0,0.0,
Glove It Urban Brick Golf Towel,demand_only,8.925656746333287,264.1044294542482,4.959365162067069,250,93.0,93.0,0.0,0,0,0,0,40.0298714734574,71.24151766693728,0.0,71.24151766693728,1.0,0.0,
Glove It Urban Brick Golf Towel,flat_baseline,5.949437376399327,264.1044294542482,1.983145792133109,250,93.0,93.0,0.0,0,0,0,0,37.053652103523405,65.9447136298715,0.0,65.9447136298715,1.0,0.0,
Hirzl Women's Hybrid Golf Glove,segmented,9.757460595599792,279.8869150445391,5.581545812165122,250,56.0,56.0,0.0,0,0,0,0,81.71291811786934,136.33044614133198,0.0,136.33044614133198,1.0,0.0,
Hirzl Women's Hybrid Golf Glove,demand_only,9.423734612189532,279.8869150445391,5.247819828754864,250,56.0,56.0,0.0,0,0,0,0,81.37919213445905,135.77365520477954,0.0,135.77365520477954,1.0,0.0,
Hirzl Women's Hybrid Golf Glove,flat_baseline,6.263872175152003,279.8869150445391,2.0879573917173344,250,56.0,56.0,0.0,0,0,0,0,78.21932969742154,130.50171698853376,0.0,130.50171698853376,1.0,0.0,
Hirzl Men's Hybrid Golf Glove,segmented,8.883297973392642,268.9510495600148,5.027334388688766,250,93.0,93.0,0.0,0,0,0,0,30.650822753400046,51.13806282798893,0.0,51.13806282798893,1.0,0.0,
Hirzl Men's Hybrid Golf Glove,demand_only,8.566869810062874,268.9510495600148,4.7109062253589995,250,93.0,93.0,0.0,0,0,0,0,30.33439459007026,50.61013170434206,0.0,50.61013170434206,1.0,0.0,
Hirzl Men's Hybrid Golf Glove,flat_baseline,5.7839453770558125,268.9510495600148,1.9279817923519376,250,93.0,93.0,0.0,0,0,0,0,27.551470157063203,45.96707968431516,0.0,45.96707968431516,1.0,0.0,
Clicgear 8.0 Shoe Brush,segmented,9.304318330714343,335.29108994590064,5.31044474655754,250,94.0,94.0,0.0,0,0,0,0,73.78586330366467,82.0425500649522,0.0,82.0425500649522,1.0,0.0,
Clicgear 8.0 Shoe Brush,demand_only,8.983363480271903,335.29108994590064,4.989489896115099,250,94.0,94.0,0.0,0,0,0,0,73.46490845322224,81.68568015509366,0.0,81.68568015509366,1.0,0.0,
Clicgear 8.0 Shoe Brush,flat_baseline,5.990810376235205,335.29108994590064,1.9969367920784018,250,94.0,94.0,0.0,0,0,0,0,70.47235534918555,78.35825838529561,0.0,78.35825838529561,1.0,0.0,
